{"cameraMode":{"drawMode":0,"name":"Shaded","section":"Shading Mode"},"sceneLighting":false,"audioPlay":false,"sceneViewState":{"m_AlwaysRefresh":false,"showFog":true,"showSkybox":false,"showFlares":true,"showImageEffects":true,"showParticleSystems":true,"showVisualEffectGraphs":true,"m_FxEnabled":true},"in2DMode":false,"pivot":{"x":0.9528961181640625,"y":1.6393051147460938,"z":2.662281036376953},"rotation":{"x":0.09690726548433304,"y":-0.19574382901191712,"z":0.019442124292254449,"w":0.9756615161895752},"size":5.277727127075195,"orthographic":false}