{"cameraMode":{"drawMode":0,"name":"Shaded","section":"Shading Mode"},"sceneLighting":true,"audioPlay":false,"sceneViewState":{"m_AlwaysRefresh":false,"showFog":true,"showSkybox":true,"showFlares":true,"showImageEffects":true,"showParticleSystems":true,"showVisualEffectGraphs":true,"m_FxEnabled":true},"in2DMode":false,"pivot":{"x":0.5042514204978943,"y":-15.967283248901368,"z":56.75855255126953},"rotation":{"x":0.1589251160621643,"y":0.0014803021913394333,"z":-0.00024204816145356745,"w":0.9873020052909851},"size":37.26158905029297,"orthographic":false}